{
  "path": "014159035324167837112_05554949874886309168_014869324846815427397_415788195695751173402_24367522544618883995_610566904670875417557_213323458201646877436_78718133940188719672_717693261242950836714_528073292406316912_811563688382783570684",
  "accuracy": 0.7747395833333334,
  "flops": 749663690,
  "params": 4257700,
  "kernel_flag": "LOAD_SUCCESS",
  "time": 331010.2698018551,
  "loss": 0
}