{
  "path": "013075750273396993496_05554949874886309168_24729962409952852253_617134449361285920981_77160003645945494416_48563249222180956981_52003559722795891887_218185650138502324336_84817427002359270926",
  "accuracy": 0.7994791666666666,
  "flops": 2072978880,
  "params": 5630948,
  "kernel_flag": "LOAD_SUCCESS",
  "time": 29144.964485168457,
  "loss": 0
}