{
  "path": "08967541405086058225_014869324846815427397_014869324846815427397_011009724594349990982_617134449361285920981_75030023392916535163_74599167136269103436_48166981552073580640_55582143447514204740_510425443406912496864_89976437225804846733",
  "accuracy": 0.7491251826286316,
  "flops": 2939303216,
  "params": 11826024,
  "kernel_flag": "LOAD_SUCCESS",
  "time": 54566.649992227554,
  "loss": 0
}