{
  "path": "014159035324167837112_014869324846815427397_05554949874886309168_415788195695751173402_27716808504002403245_24367522544618883995_610566904670875417557_710277519311309763364_511450452168632897965_85750944955207763550",
  "accuracy": 0.7823517628205128,
  "flops": 1267880832,
  "params": 7565988,
  "kernel_flag": "LOAD_SUCCESS",
  "time": 164557.9642276764,
  "loss": 0
}