{
  "path": "01764717139126110028_014869324717966408517_6295791551909629382_48477245399126133347_716498115393477052599_717988120836773713277_812164800162234874618",
  "accuracy": 0.7984775641025641,
  "flops": 1561460379,
  "params": 19512004,
  "kernel_flag": "LOAD_SUCCESS",
  "time": 21130.452075958252,
  "loss": 0
}