{
  "path": "014869324846815427397_05554949874886309168_610788947812733894515_715081563188197612336_55083707780820728814_410430622134470495470_812462563774808461536",
  "accuracy": 0.8003806089743589,
  "flops": 1980871025,
  "params": 19768756,
  "kernel_flag": "LOAD_SUCCESS",
  "time": 9172.824543476105,
  "loss": 0
}