{
  "path": "012315687756993455483_014159035324167837112_05554949874886309168_710896661175314485886_49144670110451744502_26435109930407206327_68641241653556745713_712447030834636251287_83243260624594954142",
  "accuracy": 0.7971754807692307,
  "flops": 1687038872,
  "params": 19577236,
  "kernel_flag": "LOAD_SUCCESS",
  "time": 9322.535634756088,
  "loss": 0
}