{
  "path": "014159035324167837112_014869324846815427397_05554949874886309168_24729962409952852253_42733244297532676537_217744199790388987770_614481796090063454130_716045185630568339132_528073285126069856_817696851926203084287",
  "accuracy": 0.7821514423076923,
  "flops": 1364578048,
  "params": 8426148,
  "kernel_flag": "LOAD_SUCCESS",
  "time": 335885.33007097244,
  "loss": 0
}