{
  "path": "014869324846815427397_08209763446462581321_01764717139126110028_24729962409952852253_6295791551909629382_76977047100114854771_417398057612507039943_47628327974739926491_53402325058599512859_216787716016441553308_813594527323228629216",
  "accuracy": 0.7963741987179487,
  "flops": 1878793584,
  "params": 5096420,
  "kernel_flag": "LOAD_SUCCESS",
  "time": 20421.644211530685,
  "loss": 0
}