{
  "path": "04868905397898000195_010483444317658508239_014159035324167837112_014869324846815427397_01764717139126110028_717930573703577865309_72210792807197349177_54692174028720873371_55582143447514204740_211138399721262398748_414965137656800030024_89059214012032620149",
  "accuracy": 0.7422688603401184,
  "flops": 1831226368,
  "params": 19639696,
  "kernel_flag": "LOAD_SUCCESS",
  "time": 20726.334624290466,
  "loss": 0
}