{
  "path": "014869324846815427397_017773809301414122341_015279624404282651138_014869324846815427397_015623912936200059588_713630616757931312428_414039179318710136004_72687478132127266708_55582143447514204740_510425443406912496864_810479587895939973016",
  "accuracy": 0.7813501602564102,
  "flops": 1082422527,
  "params": 6566436,
  "kernel_flag": "LOAD_SUCCESS",
  "time": 149919.39044499397,
  "loss": 0
}