{
  "path": "01285926441395242907_615059390378888319254_614823191327928080359_714376477833925954378_42304722911650662670_88431057933998982089",
  "accuracy": 0.0,
  "flops": 231488421888,
  "params": 107700480,
  "kernel_flag": "LOAD_SUCCESS",
  "time": 51894.74231696129,
  "loss": 5.675591249723692
}