{
  "path": "014159035324167837112_014869324846815427397_05554949874886309168_27716808504002403245_415788195695751173402_24367522544618883995_610566904670875417557_78718133940188719672_717693261242950836714_511450452167321178781_86308313835951224887",
  "accuracy": 0.7756410256410257,
  "flops": 712102908,
  "params": 3911844,
  "kernel_flag": "LOAD_SUCCESS",
  "time": 161732.63788437843,
  "loss": 0
}