{
  "path": "014869324846815427397_01764717139126110028_014869324846815427397_014159035324167837112_415788195695751173402_24367522544618883995_610566904670875417557_716547013407517328080_54465550934872924203_211078476888760040684_511450452168632897965_417605520073597815714_810189422909837636942",
  "accuracy": 0.7735376602564102,
  "flops": 991233696,
  "params": 5735076,
  "kernel_flag": "LOAD_SUCCESS",
  "time": 266804.4038968086,
  "loss": 0
}