{
  "path": "013075750273396993496_05554949874886309168_24729962409952852253_617134449361285920981_51032126602234905297_77160003645945494416_54779199086478226536_8807002898376411662",
  "accuracy": 0.7961738782051282,
  "flops": 2072978880,
  "params": 5630948,
  "kernel_flag": "LOAD_SUCCESS",
  "time": 19084.355974674225,
  "loss": 0
}