{
  "path": "01764717139126110028_014869324846815427397_014869324846815427397_014159035324167837112_45843779730678507926_29988742301463607063_62637070139485630289_716547013407517328080_43829377485216821436_517199439151484327759_22956274708826621392_55582143447514204740_815191868031644117880",
  "accuracy": 0.7692307692307693,
  "flops": 991233696,
  "params": 5735076,
  "kernel_flag": "LOAD_SUCCESS",
  "time": 224102.4668662548,
  "loss": 0
}