{
  "path": "01764717139126110028_014869324846815427397_24729962409952852253_6295791551909629382_76977047100114854771_47628327974739926491_528073285126069856_215840763966641947169_813752474953810762902",
  "accuracy": 0.7456868290901184,
  "flops": 3589596064,
  "params": 13347624,
  "kernel_flag": "LOAD_SUCCESS",
  "time": 9948.202954053879,
  "loss": 0
}