{
  "path": "014869324846815427397_014869324846815427397_01764717139126110028_014159035324167837112_415788195695751173402_24367522544618883995_610566904670875417557_716547013407517328080_417605520073597815714_56080649143075323766_528073285126069856_84415692081133238439",
  "accuracy": 0.7751402243589743,
  "flops": 991233696,
  "params": 5735076,
  "kernel_flag": "LOAD_SUCCESS",
  "time": 203152.31071448326,
  "loss": 0
}