{
  "path": "08967541405086058225_014869324846815427397_011009724594349990982_014869324846815427397_617134449361285920981_72489377976040837479_59794537236053962127_25783553475123819280_71076089959693273415_418080296945751748528_528073292406316912_810403012847980962894",
  "accuracy": 0.7947716346153846,
  "flops": 2891134169,
  "params": 11814888,
  "kernel_flag": "LOAD_SUCCESS",
  "time": 55776.489008665085,
  "loss": 0
}