{
  "path": "08967541405086058225_014869324846815427397_014869324846815427397_011009724594349990982_24729962409952852253_617134449361285920981_75030023392916535163_78729197155959800832_48166981552073580640_54465550934872924203_5485774142052001713_88048029250569844149",
  "accuracy": 0.7355143427848816,
  "flops": 2907190460,
  "params": 11811176,
  "kernel_flag": "LOAD_SUCCESS",
  "time": 86634.55115246773,
  "loss": 0
}