{
  "path": "013075750273396993496_05554949874886309168_24729962409952852253_617134449361285920981_77160003645945494416_43349232079473579481_513767831226031495079_21776460962531706216_813196607183223561810",
  "accuracy": 0.7964743589743589,
  "flops": 2072978880,
  "params": 5630948,
  "kernel_flag": "LOAD_SUCCESS",
  "time": 31864.706451416016,
  "loss": 0
}