{
  "path": "08196913764514368073_08209763446462581321_014159035324167837112_014869324846815427397_01764717139126110028_27716808504002403245_77380059755907614165_414965137659427777848_46882227880400656867_416248917916236274181_55378844424911185416_810628644142009491686",
  "accuracy": 0.7966746794871795,
  "flops": 1876637408,
  "params": 5274596,
  "kernel_flag": "LOAD_SUCCESS",
  "time": 15805.825819969177,
  "loss": 0
}