{
  "path": "015623912936200059588_014869324846815427397_017773809301414122341_015279624404282651138_014869324846815427397_713630616757931312428_528073285126069856_215840763966641947169_414039179318710136004_72687478132127266708_515168949106795270596_2375078735259209541_88248713121576850509",
  "accuracy": 0.7792467948717948,
  "flops": 1082422527,
  "params": 6566436,
  "kernel_flag": "LOAD_SUCCESS",
  "time": 69722.42002129555,
  "loss": 0
}