{
  "path": "014869324846815427397_05554949874886309168_27716808504002403245_62895806589723874260_715081563188197612336_5721900515793308190_214819879839400875679_41478197265742493528_8579375196253675426",
  "accuracy": 0.8006810897435898,
  "flops": 1980871025,
  "params": 19768756,
  "kernel_flag": "LOAD_SUCCESS",
  "time": 9284.177777290344,
  "loss": 0
}