{
  "path": "03817605427672870360_01764717139126110028_6295791551909629382_24729962409952852253_72406017427890863505_54063336784977605995_47628327974739926491_216417203578516548396_816523618372062306051",
  "accuracy": 0.8016826923076923,
  "flops": 1865848176,
  "params": 5096420,
  "kernel_flag": "LOAD_SUCCESS",
  "time": 13158.463044404984,
  "loss": 0
}