{
  "path": "01764717139126110028_010483444317658508239_014869324717966408517_6295791551909629382_27716808504002403245_74398802192462174211_59371444636525693295_26170054243819837232_713640601573055812279_47628327976574950475_818258504377612728535",
  "accuracy": 0.8048878205128205,
  "flops": 1748416493,
  "params": 19555312,
  "kernel_flag": "LOAD_SUCCESS",
  "time": 24252.59136414528,
  "loss": 0
}