{
  "path": "017773809301414122341_014869324846815427397_014869324846815427397_015279624404282651138_015623912936200059588_713630616757931312428_414039179318710136004_59794537236053962127_25783553475123819280_712941272820036158567_516425044278408533767_8425538201263908988",
  "accuracy": 0.7883613782051282,
  "flops": 1237654142,
  "params": 7950756,
  "kernel_flag": "LOAD_SUCCESS",
  "time": 319187.4715356827,
  "loss": 0
}