{
  "path": "014159035324167837112_014869324846815427397_014869324846815427397_011009724594349990982_617134449361285920981_24729962409952852253_716550717930493181079_528073285126069856_545793741552261794_215840763966641947169_43548806772510282777_411559866101410718026_811118181085186712027",
  "accuracy": 0.7931690705128205,
  "flops": 2893293806,
  "params": 12079656,
  "kernel_flag": "LOAD_SUCCESS",
  "time": 94012.1032781601,
  "loss": 0
}